workload,variant,structure,n,run,time_ns,steps,moves,comparisons,checksum
Build,random,RepeatedInsert,100,1,4300,526,336,207,105862234947
Build,random,RepeatedInsert,100,2,3900,526,336,207,105862234947
Build,random,RepeatedInsert,100,3,3900,526,336,207,105862234947
Build,random,RepeatedInsert,100,4,5500,526,336,207,105862234947
Build,random,RepeatedInsert,100,5,3900,526,336,207,105862234947
Build,random,Floyd,100,1,1600,365,238,176,105862234947
Build,random,Floyd,100,2,1400,365,238,176,105862234947
Build,random,Floyd,100,3,1600,365,238,176,105862234947
Build,random,Floyd,100,4,1500,365,238,176,105862234947
Build,random,Floyd,100,5,1400,365,238,176,105862234947
Build,descending,RepeatedInsert,100,1,4200,1072,1072,480,5050
Build,descending,RepeatedInsert,100,2,4100,1072,1072,480,5050
Build,descending,RepeatedInsert,100,3,3900,1072,1072,480,5050
Build,descending,RepeatedInsert,100,4,6800,1072,1072,480,5050
Build,descending,RepeatedInsert,100,5,4100,1072,1072,480,5050
Build,descending,Floyd,100,1,1500,386,292,190,5050
Build,descending,Floyd,100,2,1500,386,292,190,5050
Build,descending,Floyd,100,3,1500,386,292,190,5050
Build,descending,Floyd,100,4,1500,386,292,190,5050
Build,descending,Floyd,100,5,1500,386,292,190,5050
Build,random,RepeatedInsert,1000,1,48300,5422,3440,2207,1086720662620
Build,random,RepeatedInsert,1000,2,24500,5422,3440,2207,1086720662620
Build,random,RepeatedInsert,1000,3,41100,5422,3440,2207,1086720662620
Build,random,RepeatedInsert,1000,4,24500,5422,3440,2207,1086720662620
Build,random,RepeatedInsert,1000,5,76200,5422,3440,2207,1086720662620
Build,random,Floyd,1000,1,26000,3782,2496,1854,1086720662620
Build,random,Floyd,1000,2,16800,3782,2496,1854,1086720662620
Build,random,Floyd,1000,3,17100,3782,2496,1854,1086720662620
Build,random,Floyd,1000,4,17100,3782,2496,1854,1086720662620
Build,random,Floyd,1000,5,23900,3782,2496,1854,1086720662620
Build,descending,RepeatedInsert,1000,1,47200,16982,16982,7987,500500
Build,descending,RepeatedInsert,1000,2,38900,16982,16982,7987,500500
Build,descending,RepeatedInsert,1000,3,43900,16982,16982,7987,500500
Build,descending,RepeatedInsert,1000,4,30500,16982,16982,7987,500500
Build,descending,RepeatedInsert,1000,5,44000,16982,16982,7987,500500
Build,descending,Floyd,1000,1,13400,3974,2984,1982,500500
Build,descending,Floyd,1000,2,14100,3974,2984,1982,500500
Build,descending,Floyd,1000,3,13800,3974,2984,1982,500500
Build,descending,Floyd,1000,4,14600,3974,2984,1982,500500
Build,descending,Floyd,1000,5,14400,3974,2984,1982,500500
Build,random,RepeatedInsert,10000,1,257700,61938,41960,22785,10885387189208
Build,random,RepeatedInsert,10000,2,290100,61938,41960,22785,10885387189208
Build,random,RepeatedInsert,10000,3,258900,61938,41960,22785,10885387189208
Build,random,RepeatedInsert,10000,4,263800,61938,41960,22785,10885387189208
Build,random,RepeatedInsert,10000,5,360700,61938,41960,22785,10885387189208
Build,random,Floyd,10000,1,192100,38250,24816,18833,10885387189208
Build,random,Floyd,10000,2,188400,38250,24816,18833,10885387189208
Build,random,Floyd,10000,3,210000,38250,24816,18833,10885387189208
Build,random,Floyd,10000,4,195200,38250,24816,18833,10885387189208
Build,random,Floyd,10000,5,185400,38250,24816,18833,10885387189208
Build,descending,RepeatedInsert,10000,1,424000,243630,243630,113631,50005000
Build,descending,RepeatedInsert,10000,2,450500,243630,243630,113631,50005000
Build,descending,RepeatedInsert,10000,3,432800,243630,243630,113631,50005000
Build,descending,RepeatedInsert,10000,4,411700,243630,243630,113631,50005000
Build,descending,RepeatedInsert,10000,5,406100,243630,243630,113631,50005000
Build,descending,Floyd,10000,1,134300,39974,29984,19982,50005000
Build,descending,Floyd,10000,2,155100,39974,29984,19982,50005000
Build,descending,Floyd,10000,3,132200,39974,29984,19982,50005000
Build,descending,Floyd,10000,4,137300,39974,29984,19982,50005000
Build,descending,Floyd,10000,5,146600,39974,29984,19982,50005000
Build,random,RepeatedInsert,100000,1,1902400,588848,388876,228896,107655196207061
Build,random,RepeatedInsert,100000,2,3386000,588848,388876,228896,107655196207061
Build,random,RepeatedInsert,100000,3,2247700,588848,388876,228896,107655196207061
Build,random,RepeatedInsert,100000,4,1895500,588848,388876,228896,107655196207061
Build,random,RepeatedInsert,100000,5,1837200,588848,388876,228896,107655196207061
Build,random,Floyd,100000,1,2935900,382733,249330,188488,107655196207061
Build,random,Floyd,100000,2,1091000,382733,249330,188488,107655196207061
Build,random,Floyd,100000,3,1139700,382733,249330,188488,107655196207061
Build,random,Floyd,100000,4,1117400,382733,249330,188488,107655196207061
Build,random,Floyd,100000,5,1188700,382733,249330,188488,107655196207061
Build,descending,RepeatedInsert,100000,1,4454000,3068948,3068948,1468946,5000050000
Build,descending,RepeatedInsert,100000,2,4593000,3068948,3068948,1468946,5000050000
Build,descending,RepeatedInsert,100000,3,4165500,3068948,3068948,1468946,5000050000
Build,descending,RepeatedInsert,100000,4,4326000,3068948,3068948,1468946,5000050000
Build,descending,RepeatedInsert,100000,5,4572600,3068948,3068948,1468946,5000050000
Build,descending,Floyd,100000,1,514100,399968,299980,199978,5000050000
Build,descending,Floyd,100000,2,520800,399968,299980,199978,5000050000
Build,descending,Floyd,100000,3,549900,399968,299980,199978,5000050000
Build,descending,Floyd,100000,4,526700,399968,299980,199978,5000050000
Build,descending,Floyd,100000,5,796400,399968,299980,199978,5000050000
