workload,variant,structure,n,time_ms,steps,moves,comparisons
W1,-,DynamicArray,100,0.180000,10000,0,0
W1,-,MyLinkedList,100,0.664400,501508,0,0
W2,-,DynamicArray,100,0.043900,75142,0,75142
W2,-,MyLinkedList,100,0.123900,74642,0,75142
W3,head,DynamicArray,100,0.125400,1201920,1200920,0
W3,head,MyLinkedList,100,0.069000,1000,3000,0
W3,middle,DynamicArray,100,0.121700,1101920,1100920,0
W3,middle,MyLinkedList,100,0.168800,99000,3000,0
W4,-,MinHeap,100,0.006300,1996,1249,1052
W1,-,MyLinkedList,1000,6.342600,5005208,0,0
W1,-,DynamicArray,1000,0.179600,10000,0,0
W2,-,MyLinkedList,1000,0.940300,754242,0,754742
W2,-,DynamicArray,1000,0.251800,754742,0,754742
W3,head,MyLinkedList,1000,0.011200,1000,3000,0
W3,head,DynamicArray,1000,0.172400,3001024,3000024,0
W3,middle,MyLinkedList,1000,1.121600,999000,3000,0
W3,middle,DynamicArray,1000,0.130800,2001024,2000024,0
W4,-,MinHeap,1000,0.078900,29907,19117,17195
W1,-,DynamicArray,10000,0.071800,10000,0,0
W1,-,MyLinkedList,10000,101.064900,50129208,0,0
W2,-,DynamicArray,10000,3.711300,7534742,0,7534742
W2,-,MyLinkedList,10000,16.992900,7534242,0,7534742
W3,head,DynamicArray,10000,0.978000,21000000,20999000,0
W3,head,MyLinkedList,10000,0.033000,1000,3000,0
W3,middle,DynamicArray,10000,0.521300,11000000,10999000,0
W3,middle,MyLinkedList,10000,19.439900,9999000,3000,0
W4,-,MinHeap,10000,0.871900,406751,265403,239323
W1,-,MyLinkedList,100000,504.579000,502489208,0,0
W1,-,DynamicArray,100000,0.074800,10000,0,0
W2,-,MyLinkedList,100000,95.156700,75354242,0,75354742
W2,-,DynamicArray,100000,53.556500,75354742,0,75354742
W3,head,MyLinkedList,100000,0.010900,1000,3000,0
W3,head,DynamicArray,100000,32.177600,201000000,200999000,0
W3,middle,MyLinkedList,100000,98.768600,99999000,3000,0
W3,middle,DynamicArray,100000,14.460200,101000000,100999000,0
W4,-,MinHeap,100000,15.491700,5036704,3290753,3060796
